Left_Out_Year,AIC,BIC,Coef_Intercept,Coef_Sward_type[T.BPW],Coef_Sward_type[T.C],Coef_Management[T.B2],Coef_Management[T.B3],Coef_Management[T.B4],Coef_Sward_type[T.BPW]:Management[T.B2],Coef_Sward_type[T.C]:Management[T.B2],Coef_Sward_type[T.BPW]:Management[T.B3],Coef_Sward_type[T.C]:Management[T.B3],Coef_Sward_type[T.BPW]:Management[T.B4],Coef_Sward_type[T.C]:Management[T.B4],Coef_Year,Coef_Group Var
2019,3396.3495025626125,3445.211933143029,2117541.115979237,520.9519423611453,-2318.287183671309,285.4779961372525,-85.9986520641979,2776.0198947087115,1745.4193966307694,1193.0995211992338,1558.610609764358,1637.1133244275186,1819.3973610549097,2597.1606389167187,-1042.3900991133953,0.0067475994696178
2020,3504.2916441700936,3553.1540747505105,31700.51783574936,459.7228063177517,-2085.772212034804,319.15632577048746,372.92057887121416,2805.4940359432567,1677.7620473024072,1240.9144482649865,2017.4220022756144,1509.146960108499,2016.3266144653903,2502.6952720138693,-11.004517549472254,1.1243024194249932e-10
2021,3408.411272488684,3457.2737030691005,348677.567378535,86.16018964883719,-2345.595649091021,428.6418283635749,-1.1643094899722304,2773.8859961662274,1712.3485088318969,1639.2110536778534,2324.650502357244,1670.4065127704534,2226.996112066075,2575.568011306525,-167.8879935747565,0.0062163813207691
2022,3491.255402157921,3540.1178327383377,67776.55420895362,598.287054095948,-2406.3227324201425,14.166828367589144,463.31068947137567,2545.95888936382,1452.200394384579,1565.1281370067654,1824.1294736337893,1630.897352965817,2150.887617598608,2637.1451134546032,-28.48544051878697,2.346588647100495e-06
2023,3506.7996911650835,3555.6621217455004,-370112.2247438894,392.9678906502559,-2350.5381524398376,553.9393348561993,516.3011219599628,2840.98683519112,1631.4645636983862,1348.9293878546484,1717.9619635843476,1826.028567434196,2286.7542852657384,3016.6446761590764,188.11356472558063,7.273298159731812e-10
